URL;Colección;Modelo;Código EAN;Alto con embalaje;Alto de producto;Ancho con embalaje;Ancho de producto;Espesor de producto;Fondo con embalaje;Peso del producto;Acabado;Antihielo;Cobertura;Diseño;Interior/Exterior/Ambos;Material;Rectificado;Unidades del pack;Nota adicional;Declaración de prestaciones (DoP);Antideslizante;Encastrable;Vendido por;Garantía;Normas y certificados;Clasificación PEI;Normas;Marca;Lustre;Efecto;Certificado;Error;Cobertura por paquete (m2);Escala MOHS;Nivel de tránsito
https://www.bricodepot.es/azulejo-janise-blanco-mate-25x40-cm-5059340460222?queryID=9f5509bd07463da48df6de1e5990e09f&objectID=246475&indexName=pro_ES_products;Blancos;Janise;5059340460222;15;25 cm;40 cm;40 cm;9.5 mm;40;23;Mate;No;1.5;Liso;Interior;Pasta roja;No;15;Durante el proceso de fabricación de las piezas de cerámica, el tono y/o el calibre pueden sufrir pequeñas variaciones. Es recomendable adquirir un 15 % más de material.;DOP_ES_PT_5059340460222;No;No;Brico Depôt;3 años;;;;;;;;;;;
https://www.bricodepot.es/azulejo-catanzaro-decor-20-x-60-cm-5036581063580?queryID=fde6859d5f0f83d9ca6b638cead104fe&objectID=132945&indexName=pro_ES_products;Catanzaro;;5036581063580;10;20 cm;20 cm;60 cm;8 mm;60;1;Brillo;No;;relieve;Interior;pasta roja;No;12;Durante el proceso de fabricación de las piezas de cerámica, el tono y/o el calibre pueden sufrir pequeñas variaciones. Es recomendable adquirir un 15 % más de material.;DOP_5036581063580;No;No;Brico Depôt;3 años;primera_calidad_ES;PEI2;;;;;;;;;
https://www.bricodepot.es/azulejo-martia-mosaico-gris-20x60-cm-5059340719634?queryID=bc79b412b348f9fbdef8ff2b89d31df1&objectID=248338&indexName=pro_ES_products;Blanco/color;Martia;5059340719634;10;20 cm;60 cm;60 cm;8.3 mm;;21.8;Brillo;No;2;Liso;Interior;"Cerámica; Pasta roja";No;16;Durante el proceso de fabricación de las piezas de cerámica, el tono y/o el calibre pueden sufrir pequeñas variaciones. Es recomendable adquirir un 15 % más de material.;DOP_ES_PT_5059340719634;No;No;Brico Depôt;3 años;;;EN 14411;Cooke & Lewis;;;;;;;
https://www.bricodepot.es/azulejo-ceramico-blanco-mate-20-x-20-cm-8432712279467?queryID=bf0fb916ad84c9ca10d45eeb8fef76fe&objectID=134953&indexName=pro_ES_products;;;8432712279467;26.5;20 cm;20.5 cm;20 cm;;20.5;17.15;Mate;No;1.4;Liso;Interior;Cerámica;No;35;Se espera cierto grado de variación en el color o en el tono de estos productos. Escoja siempre cajas que tengan el mismo número de referencia, en cuanto a selección y tono, calibre y producción. Es recomendable adquirir un 15 % más de material.;DOP_ES_PT_8432712279467;No;No;Brico Depôt;3 años;;;;;;;;;;;
https://www.bricodepot.es/azulejo-alexandrina-decor-3663602848363?queryID=e09826a162334a80fd41306b111f9a50&objectID=132921&indexName=pro_ES_products;;3WB;3663602848363;15.5;25 cm;25.5 cm;40 cm;9.2 mm;41;1.59;Brillo;No;1.5;Mosaico;Interior;Pasta roja;No;15;Durante el proceso de fabricación de las piezas de cerámica, el tono y/o el calibre pueden sufrir pequeñas variaciones. Es recomendable adquirir un 15 % más de material.;DOP_PT_3663602848363;No;No;Brico Depôt;3 años;;;;Colours;Brillo;;;;;;
https://www.bricodepot.es/azulejo-martia-mosaico-gris-20x60-cm-5059340719634?queryID=d5623298d004f8572e88dab2cc9d6e05&objectID=248338&indexName=pro_ES_products;Blanco/color;Martia;5059340719634;10;20 cm;60 cm;60 cm;8.3 mm;;21.8;Brillo;No;2;Liso;Interior;"Cerámica; Pasta roja";No;16;Durante el proceso de fabricación de las piezas de cerámica, el tono y/o el calibre pueden sufrir pequeñas variaciones. Es recomendable adquirir un 15 % más de material.;DOP_ES_PT_5059340719634;No;No;Brico Depôt;3 años;;;EN 14411;Cooke & Lewis;;;;;;;
https://www.bricodepot.es/azulejo-ceramico-blanco-brillante-plain-20-x-60-cm-5036581063542?queryID=74e753ab0c76619db80ad83dfe007b6e&objectID=135480&indexName=pro_ES_products;Plein;;5036581063542;10;20 cm;20 cm;60 cm;9 mm;60;22;Brillo;No;1.44;Liso;Interior;Cerámica. Pasta roja. Libre de contaminantes volátiles.;No;13;Se espera cierto grado de variación en el color o en el tono de estos productos. Escoja siempre cajas que tengan el mismo número de referencia, en cuanto a selección y tono, calibre y producción. Es recomendable adquirir un 15 % más de material.;DOP_5036581063542;No;No;Brico Depôt;3 años;;;;Goodhome;Brillante;;;;;;
https://www.bricodepot.es/azulejo-ceramico-blanco-brillo-20-x-20-cm-8432712279436?queryID=47902b11a357d77f56808164c2828d75&objectID=134952&indexName=pro_ES_products;;;8432712279436;26.5;20 cm;20.5 cm;20 cm;;20.5;17.15;Brillo;No;;Liso;Interior;Cerámica;No;35;Se espera cierto grado de variación en el color o en el tono de estos productos. Escoja siempre cajas que tengan el mismo número de referencia, en cuanto a selección y tono, calibre y producción. Es recomendable adquirir un 15 % más de material.;DOP_PT_8432712279436;No;No;Brico Depôt;3 años;;;;;;;;;;;
https://www.bricodepot.es/azulejo-ceramico-blanco-brillo-alexandrina-25x40-cm-3663602848349?queryID=d86aaaa944a0e8ffb3ef94421c518f7d&objectID=132920&indexName=pro_ES_products;Alexandrina;AB1FWHIGXXCA;3663602848349;15.5;25 cm;25.5 cm;40 cm;9.2 mm;41;1.59;Brillo;No;1.5;Liso;Interior;Pasta roja;No;15;Durante el proceso de fabricación de las piezas de cerámica, el tono y/o el calibre pueden sufrir pequeñas variaciones. Es recomendable adquirir un 15 % más de material.;DoP_0060;No;No;Brico Depôt;3 años;;;;Colours;Brillo;;;;;;
https://www.bricodepot.es/azulejo-catanzaro-20-x-60-cm-5036581063504?queryID=d7752ad37e040ef1c29b1a371e4f063d&objectID=132944&indexName=pro_ES_products;Catanzaro;;5036581063504;10;20 cm;20 cm;60 cm;8 mm;60;1;Brillo;No;;Liso;Interior;pasta roja;No;12;Durante el proceso de fabricación de las piezas de cerámica, el tono y/o el calibre pueden sufrir pequeñas variaciones. Es recomendable adquirir un 15 % más de material.;DOP_5036581063504;No;No;Brico Depôt;3 años;primera_calidad_ES;PEI2;;;;;;;;;
https://www.bricodepot.es/azulejo-blanco-mate-crizi-30x60-cm-5059340269535?queryID=2990e7a7b813978fe68804c2c8e0f360&objectID=132979&indexName=pro_ES_products;Crizi;;5059340269535;5.8;30 cm;30 cm;60 cm;;60;17.5;Mate;No;;Liso;Interior;Pasta roja.;No;;Durante el proceso de fabricación de las piezas de cerámica, el tono y/o el calibre pueden sufrir pequeñas variaciones. Es recomendable adquirir un 15 % más de material.;DOP_PT_5059340269535;No;No;Brico Depôt;3 años;;;;;;;;;;;
https://www.bricodepot.es/revestimiento-ceramica-plain-blanco-mate-20x60-cm-5036581063887?queryID=8b4da258a8245174a3e4813f9223cafe&objectID=260835&indexName=pro_ES_products;Plain;;5036581063887;10;20 cm;20 cm;60 cm;8.3 mm;60;22.35;Mate;No;1.44;Clásica;Interior;Pasta roja;No;12;;DOP_ES_PT_5036581063887;No;No;Brico Depôt;3 años;;;;Goodhome;Brillo;Baldosa;;;;;
https://www.bricodepot.es/revestimiento-pasta-blanca-polar-blanco-mate-30x90-cm-8435414124240?queryID=a066998292a1bcac1586339142c0dc0b&objectID=259894&indexName=pro_ES_products;Polar;;8435414124240;5;30 cm;30.3 cm;90 cm;;90.3;22;Mate;No;;;Interior;pasta blanca;Sí;;;DOP_8435414124240;No;Sí;Brico Depôt;3 años;;;;;Mate;Rugoso;;;;;
https://www.bricodepot.es/revestimiento-pasta-roja-perouso-decor-blanco-30x60-cm-5036581064327?queryID=9374f1926f00f795608a55498d00f269&objectID=132949&indexName=pro_ES_products;Perouso;;5036581064327;5.8;30 cm;30 cm;60 cm;9 mm;60;19;Brillo;No;1.26;Liso;Interior;cerámico esmaltado (pasta roja). Libre de contaminantes volátiles.;No;7;Se espera cierto grado de variación en el color o en el tono de estos productos. Escoja siempre cajas que tengan el mismo número de referencia, en cuanto a selección y tono, calibre y producción. Es recomendable adquirir un 15 % más de material.;DOP_5036581064327;No;No;Brico Depôt;3 años;primera_calidad_ES;;;;Brillante;;;;;;
https://www.bricodepot.es/revestimiento-pasta-blanca-blanco-brillo-30x60-cm-8429991787660?queryID=a5f47da10a86ea2d260a65a0682fb347&objectID=259901&indexName=pro_ES_products;;;8429991787660;7;30 cm;30.5 cm;60 cm;;60.5;21.5;Brillo;No;;;Interior;pasta blanca;Sí;;;;No;Sí;Brico Depôt;3 años;;;;;Brillo;Baldosa;;;;;
https://www.bricodepot.es/revestimiento-pasta-blanca-polar-blanco-mate-30x90-cm-8435414111127?queryID=d4b28d84a19870f80011e4391146e84a&objectID=259895&indexName=pro_ES_products;Polar;;8435414111127;5;30 cm;30.3 cm;90 cm;;90.3;22;Mate;No;;;Interior;pasta blanca;Sí;;;DOP_8435414111127;No;Sí;Brico Depôt;3 años;;;;;Mate;Rugoso;;;;;
https://www.bricodepot.es/azulejo-ceramico-blanco-brillo-perouso-30x60-cm-5036581064310?queryID=69593764a74394eca137769ae43ed791&objectID=132948&indexName=pro_ES_products;Perouso;;5036581064310;5.8;30 cm;30 cm;60 cm;9 mm;60;2.5;Brillo;No;1.26;Liso;Interior;cerámico esmaltado (pasta roja). Libre de contaminantes volátiles.;No;7;Se espera cierto grado de variación en el color o en el tono de estos productos. Escoja siempre cajas que tengan el mismo número de referencia, en cuanto a selección y tono, calibre y producción. Es recomendable adquirir un 15 % más de material.;DOP_5036581064310;No;No;Brico Depôt;3 años;primera_calidad_ES;;;;Brillante;;;;;;
https://www.bricodepot.es/azulejo-ceramico-blanco-brillo-treinte-10-x-20-cm-5036581064679?queryID=3b3dd5f52ec6872309143c648bb7a108&objectID=132950&indexName=pro_ES_products;Trentie;;5036581064679;9.5;10 cm;20 cm;20 cm;7 mm;20;13.31;Brillo;No;;Liso;Interior;pasta roja;No;50;Durante el proceso de fabricación de las piezas de cerámica, el tono y/o el calibre pueden sufrir pequeñas variaciones. Es recomendable adquirir un 15 % más de material.;DOP_5036581064679;No;No;Brico Depôt;3 años;primera_calidad_ES;PEI2;;;;;;;;;
https://www.bricodepot.es/revestimiento-pasta-blanca-blanco-brillo-30x90-cm-cooke-lewis-5059340719559?queryID=c41487ff0fd14ece96eb78b25b59a481&objectID=259893&indexName=pro_ES_products;;;5059340719559;5.3;30 cm;30.3 cm;90 cm;;90.3;21.5;Brillo;No;;;Interior;pasta blanca;Sí;;;DOP_ES_PT_5059340719559;No;Sí;Brico Depôt;3 años;;;;Cooke & Lewis;Brillo;Baldosa;;;;;
https://www.bricodepot.es/azulejo-shaded-slate-grey-decor-30x60-cm-5036581066635?queryID=5159f115bac45552a02453a6386a839f&objectID=132972&indexName=pro_ES_products;shaded;;5036581066635;31;61.5 cm;8 cm;30.8 cm;7.5 mm;62;3;Mate;Sí;1.32;Piedra;Interior-Exterior;gres porcelanico;No;7;Durante el proceso de fabricación de las piezas de cerámica, el tono y/o el calibre pueden sufrir pequeñas variaciones. Es recomendable adquirir un 15 % más de material.;DOP_5036581066635;No;No;Brico Depôt;3 años;;PEI4;;;;;;;;;
https://www.bricodepot.es/azulejo-shaded-slate-grey-decor-30x60-cm-5036581066635?queryID=5159f115bac45552a02453a6386a839f&objectID=132972&indexName=pro_ES_products;shaded;;5036581066635;31;61.5 cm;8 cm;30.8 cm;7.5 mm;62;3;Mate;Sí;1.32;Piedra;Interior-Exterior;gres porcelanico;No;7;Durante el proceso de fabricación de las piezas de cerámica, el tono y/o el calibre pueden sufrir pequeñas variaciones. Es recomendable adquirir un 15 % más de material.;DOP_5036581066635;No;No;Brico Depôt;3 años;;PEI4;;;;;;;;;
https://www.bricodepot.es/revestimiento-pasta-blanca-sopelana-gris-mate-30x60-cm-8429991792282?queryID=66758034992893f4891fc33cc70258df&objectID=259891&indexName=pro_ES_products;Sopelana;;8429991792282;7;30 cm;30.5 cm;60 cm;;60.5;21.5;Mate;No;;;Interior;pasta blanca;Sí;;;;No;Sí;Brico Depôt;3 años;;;;;Mate;Cemento;;;;;
https://www.bricodepot.es/azulejo-zalie-natural-30x90-cm-5059340781938?queryID=61d1464e17e6d7df4f322d1fb4dfa564&objectID=246485&indexName=pro_ES_products;Piedra;Zalie;5059340781938;4.8;30 cm;90.4 cm;90 cm;8.7 mm;30.4;21.2;Mate;No;1.35;Piedra;Interior;Cerámica. PB;Sí;5;Se espera cierto grado de variación en el color o en el tono de estos productos. Escoja siempre cajas que tengan el mismo número de referencia, en cuanto a selección y tono, calibre y producción. Es recomendable adquirir un 15 % más de material.;DOP_ES_PT_5059340781938;No;No;Brico Depôt;3 años;;;;;Mate;;ISO 9001;;;;
https://www.bricodepot.es/revestimiento-pasta-blanca-sopelana-cemento-30x60-cm-8429991787622?queryID=df0c9c9632ea3c7096ffc9dbb162f63e&objectID=259897&indexName=pro_ES_products;Sopelana;;8429991787622;7;30 cm;30.5 cm;60 cm;;60.5;21.5;Mate;No;;;Interior;pasta blanca;Sí;;;;No;Sí;Brico Depôt;3 años;;;;;Mate;Cemento;;;;;
https://www.bricodepot.es/azulejo-octavio-piedra-efecto-madera-30x90-cm-5059340719535?queryID=617e324d31c397e12ed5eedd834718c4&objectID=246478&indexName=pro_ES_products;Piedra;Octavio;5059340719535;5.5;90 cm;90 cm;30 cm;8.7 mm;30;22;Mate;No;1.35;Con relieve;Interior;Pasta blanca;Sí;5;Durante el proceso de fabricación de las piezas de cerámica, el tono y/o el calibre pueden sufrir pequeñas variaciones. Es recomendable adquirir un 15 % más de material.;;No;No;Brico Depôt;3 años;primera_calidad_ES;;;;;Madera;;;;;
https://www.bricodepot.es/azulejo-pablo-piedra-beige-30x90-cm-5059340719658?queryID=d9667a3c791b1a396f14727e3cf0a28b&objectID=246483&indexName=pro_ES_products;Piedra;Pablo;5059340719658;4.5;30 cm;90 cm;90 cm;8.7 mm;30;21.5;Mate;No;1.35;Piedra;Interior;Pasta Blanca;Sí;5;Durante el proceso de fabricación de las piezas de cerámica, el tono y/o el calibre pueden sufrir pequeñas variaciones. Es recomendable adquirir un 15 % más de material.;;No;No;Brico Depôt;3 años;primera_calidad_ES;;;;;;;;;;
https://www.bricodepot.es/revestimiento-pasta-blanca-leno-gris-30x60-cm-8429991787639?queryID=2374114e1228fff76c68da8d4de93619&objectID=259898&indexName=pro_ES_products;Leño;;8429991787639;7;30 cm;30.5 cm;60 cm;;60.5;21.5;Mate;No;;;Interior;pasta blanca;Sí;;;;No;Sí;Brico Depôt;3 años;;;;;Mate;Baldosa;;;;;
https://www.bricodepot.es/azulejo-ceramico-chalky-gris-mate-20x60cm-5036581066345?queryID=a5c2f55e4a30dc427fb37df132be2b33&objectID=135481&indexName=pro_ES_products;Chalky;;5036581066345;10;20 cm;20 cm;60 cm;8.3 mm;60;22;Mate;No;1.44;Piedra;Interior;Cerámica. Pasta roja. Libre de contaminantes volátiles.;No;12;Se espera cierto grado de variación en el color o en el tono de estos productos. Escoja siempre cajas que tengan el mismo número de referencia, en cuanto a selección y tono, calibre y producción. Es recomendable adquirir un 15 % más de material.;DOP_5036581066345;No;No;Brico Depôt;3 años;;;;Goodhome;;;;;;;
https://www.bricodepot.es/azulejo-porcelanico-blanco-mate-lock-light-decor-30-x-90-cm-8435414120945?queryID=88324e2b550c2b5ab70b001df22496f1&objectID=135488&indexName=pro_ES_products;Lock Light;Lock Minimal Light.;8435414120945;4;30 cm;90.4 cm;90 cm;9 mm;30.4;17;Mate;No;1.08;Cementoso;Interior;"porcelánico; pasta blanca.";Sí;5;Se espera cierto grado de variación en el color o en el tono de estos productos. Escoja siempre cajas que tengan el mismo número de referencia, en cuanto a selección y tono, calibre y producción. Es recomendable adquirir un 15 % más de material.;DoP_8435414120945;No;No;Brico Depôt;3 años;;;;;Mate;;ISO 9001;;;;
https://www.bricodepot.es/azulejo-metal-decor-20x60-cm-5036581065751?queryID=14edd9cb51a058092b4624f4e518a288&objectID=132966&indexName=pro_ES_products;Metal;;5036581065751;10;20 cm;20 cm;60 cm;8 mm;60;1;Mate;No;;Cementoso;Interior;pasta roja;No;12;Durante el proceso de fabricación de las piezas de cerámica, el tono y/o el calibre pueden sufrir pequeñas variaciones. Es recomendable adquirir un 15 % más de material.;DOP_5036581065751;No;No;Brico Depôt;3 años;primera_calidad_ES;PEI2;;;;;;;;;
https://www.bricodepot.es/azulejo-ceramico-beige-mate-travertina-decor-25-x-40-cm-5059340460284?queryID=e0b5cbae6bf3b00014ffc066169f92f6&objectID=136089&indexName=pro_ES_products;Travertina;Travertina Decor;5059340460284;13;25 cm;25 cm;40 cm;3.8 mm;40;22.2;Mate;No;1.4;Piedra;Interior;Cerámico vidriado. Pasta roja.;No;15;Se espera cierto grado de variación en el color o en el tono de estos productos. Escoja siempre cajas que tengan el mismo número de referencia, en cuanto a selección y tono, calibre y producción. Es recomendable adquirir un 15 % más de material.;DOP_5059340460284;No;No;Brico Depôt;3 años;primera_calidad_ES;;EN 14441;;Mate;;;;;;
https://www.bricodepot.es/revestimiento-pasta-blanca-ely-beige-30x90-cm-cooke-lewis-5059340815510?queryID=3e471aa2727865046a4784d5ea8dffaa&objectID=259892&indexName=pro_ES_products;Ely;;5059340815510;5.3;30 cm;30.3 cm;90 cm;;90.3;21.5;Brillo;No;;;Interior;pasta blanca;Sí;;;DOP_ES_PT_5059340815510;No;Sí;Brico Depôt;3 años;;;;Cooke & Lewis;Brillo;Mosaico;;;;;
https://www.bricodepot.es/azulejo-metal-20x60-cm-5036581065744?queryID=2aee13f6282eaebf7f1529d86b8631af&objectID=132965&indexName=pro_ES_products;Metal;;5036581065744;10;20 cm;20 cm;60 cm;8 mm;60;1;Mate;No;;Cementoso;Interior;pasta roja;No;12;Durante el proceso de fabricación de las piezas de cerámica, el tono y/o el calibre pueden sufrir pequeñas variaciones. Es recomendable adquirir un 15 % más de material.;DOP_5036581065744;No;No;Brico Depôt;3 años;primera_calidad_ES;PEI2;;;;;;;;;
https://www.bricodepot.es/azulejo-ceramico-beige-mate-travertina-25-x-40-cm-5059340460277?queryID=5630dc4a3e7dfc5b7c4b1af0109d22f4&objectID=136088&indexName=pro_ES_products;Travertina;Travertina;5059340460277;13;25 cm;25 cm;40 cm;3.8 mm;40;22.2;Mate;No;1.4;Piedra;Interior;Cerámico vidriado. Pasta roja.;No;15;Se espera cierto grado de variación en el color o en el tono de estos productos. Escoja siempre cajas que tengan el mismo número de referencia, en cuanto a selección y tono, calibre y producción. Es recomendable adquirir un 15 % más de material.;DOP_5059340460277;No;No;Brico Depôt;3 años;primera_calidad_ES;;;;Mate;;;;;;
https://www.bricodepot.es/azulejo-ely-gris-mate-30x90-cm-5059340781969?queryID=dac5ddf26d5391a0a66f02b73d89386c&objectID=246487&indexName=pro_ES_products;Cemento;Ely;5059340781969;4.8;30 cm;90.4 cm;90 cm;8.7 mm;30.4;22;Mate;No;1.35;Cementoso;Interior;"porcelánico; pasta blanca.";Sí;5;Se espera cierto grado de variación en el color o en el tono de estos productos. Escoja siempre cajas que tengan el mismo número de referencia, en cuanto a selección y tono, calibre y producción. Es recomendable adquirir un 15 % más de material.;DOP_ES_PT_5059340781969;No;No;Brico Depôt;3 años;;;;;Mate;;ISO 9001;;;;
https://www.bricodepot.es/revestimiento-pasta-blanca-pantin-gris-30x60-cm-8429991787714?queryID=650cbed7f6289ad855a85fbe7a370a61&objectID=259896&indexName=pro_ES_products;Pantin;;8429991787714;7;30 cm;30.5 cm;60 cm;;60.5;21.5;Mate;No;;;Interior;pasta blanca;Sí;;;;No;Sí;Brico Depôt;3 años;;;;;Mate;Cemento;;;;;
https://www.bricodepot.es/revestimiento-pasta-blanca-pantin-mud-30x60-cm-8429991787707?queryID=57542f9050cba346fe16912883f3eb3f&objectID=259899&indexName=pro_ES_products;Pantin;;8429991787707;7;30 cm;30.5 cm;60 cm;;60.5;21.5;Mate;No;;;Interior;pasta blanca;Sí;;;;No;Sí;Brico Depôt;3 años;;;;;Mate;Cemento;;;;;
https://www.bricodepot.es/azulejo-ceramico-gris-mate-kofrage-20-x-60-cm-5036581066390-1?queryID=783a4ab0e6f0124b4a380223d38c06d3&objectID=135484&indexName=pro_ES_products;Kofrage;;5036581066406;10;20 cm;20 cm;60 cm;8.3 mm;60;22;Mate;No;1.44;Cementoso;Interior;Pasta roja;No;12;Se espera cierto grado de variación en el color o en el tono de estos productos. Escoja siempre cajas que tengan el mismo número de referencia, en cuanto a selección y tono, calibre y producción. Es recomendable adquirir un 15 % más de material.;DOP_5036581066406;No;No;Brico Depôt;3 años;;;;Goodhome;Mate;;;;;;
https://www.bricodepot.es/azulejo-textile-decor-20-x-60-cm-5036581065775?queryID=b255669155857ed6efd5791eeec36cb0&objectID=132968&indexName=pro_ES_products;Textile;;5036581065775;10;20 cm;20 cm;60 cm;8 mm;60;1;Mate;No;;Cementoso;Interior;pasta roja;No;12;Durante el proceso de fabricación de las piezas de cerámica, el tono y/o el calibre pueden sufrir pequeñas variaciones. Es recomendable adquirir un 15 % más de material.;DOP_5036581065775;No;No;Brico Depôt;3 años;primera_calidad_ES;PEI2;;;;;;;;;
https://www.bricodepot.es/azulejo-bayaz-mosaico-gris-8435433544142?queryID=e47b3a5d87dc65f1ab56dba2596f19f7&objectID=133061&indexName=pro_ES_products;Bayaz;;8435433544142;15;25 cm;40 cm;50 cm;;40;27;;No;;Cementoso;Interior;;No;;Durante el proceso de fabricación de las piezas de cerámica, el tono y/o el calibre pueden sufrir pequeñas variaciones. Es recomendable adquirir un 15 % más de material.;DOP_PT_8435433544142;No;No;Brico Depôt;3 años;;;;;;;;;;;
https://www.bricodepot.es/azulejo-bayaz-mosaico-beige-8435433544173?queryID=1d6fc3bddc77f76d52d559970194a6c2&objectID=133062&indexName=pro_ES_products;Bayaz;;8435433544173;15;25 cm;40 cm;50 cm;;40;27;;No;;Cementoso;Interior;;No;;Durante el proceso de fabricación de las piezas de cerámica, el tono y/o el calibre pueden sufrir pequeñas variaciones. Es recomendable adquirir un 15 % más de material.;DOP_PT_8435433544173;No;No;Brico Depôt;3 años;;;;;;;;;;;
https://www.bricodepot.es/azulejo-textile-20-x-60-cm-5036581065768?queryID=33c21d983d424df55b458e5a1da82142&objectID=132967&indexName=pro_ES_products;Textile;;5036581065768;10;20 cm;20 cm;60 cm;8 mm;60;1;Mate;No;;Cementoso;Interior;pasta roja;No;12;Durante el proceso de fabricación de las piezas de cerámica, el tono y/o el calibre pueden sufrir pequeñas variaciones. Es recomendable adquirir un 15 % más de material.;DOP_5036581065768;No;No;Brico Depôt;3 años;primera_calidad_ES;PEI2;;;;;;;;;
https://www.bricodepot.es/azulejo-bayaz-gris-8435433542377?queryID=f34713a7de6c9e801131d19a8e80fb7e&objectID=133059&indexName=pro_ES_products;Bayaz;;8435433542377;40;25 cm;40 cm;50 cm;;15;27;;No;;Cementoso;Interior;;No;;Durante el proceso de fabricación de las piezas de cerámica, el tono y/o el calibre pueden sufrir pequeñas variaciones. Es recomendable adquirir un 15 % más de material.;DOP_PT_8435433542377;No;No;Brico Depôt;3 años;;;;;;;;;;;
https://www.bricodepot.es/azulejo-bayaz-beige-8435433542438?queryID=4835ef3b5ddad46959152a3561ca75af&objectID=133060&indexName=pro_ES_products;Bayaz;;8435433542438;40;25 cm;40 cm;50 cm;;15;27;;No;;Cementoso;Interior;;No;;Durante el proceso de fabricación de las piezas de cerámica, el tono y/o el calibre pueden sufrir pequeñas variaciones. Es recomendable adquirir un 15 % más de material.;DOP_PT_8435433542438;No;No;Brico Depôt;3 años;;;;;;;;;;;
https://www.bricodepot.es/azulejo-konkrete-blanco-negro-decor-20x60-cm-5036581089566?queryID=146d553b2dcd82ea694e2c303406ae12&objectID=132976&indexName=pro_ES_products;Konkrete;;5036581089566;10;20 cm;20 cm;60 cm;8 mm;60;22.35;Mate;No;;Cementoso;Interior;pasta roja;No;12;Durante el proceso de fabricación de las piezas de cerámica, el tono y/o el calibre pueden sufrir pequeñas variaciones. Es recomendable adquirir un 15 % más de material.;DOP_5036581089566;No;No;Brico Depôt;3 años;primera_calidad_ES;PEI2;;;;;;;;;
https://www.bricodepot.es/azulejo-konkrete-multicolor-20x60-cm-5036581089559?queryID=a6cb2ff007163bc2db7404586e41576e&objectID=132975&indexName=pro_ES_products;Konkrete;;5036581089559;10;20 cm;20 cm;60 cm;8 mm;60;22.35;Mate;No;;Cementoso;Interior;pasta roja;No;12;Durante el proceso de fabricación de las piezas de cerámica, el tono y/o el calibre pueden sufrir pequeñas variaciones. Es recomendable adquirir un 15 % más de material.;DOP_5036581089559;No;No;Brico Depôt;3 años;primera_calidad_ES;PEI2;;;;;;;;;
https://www.bricodepot.es/azulejo-caliste-gris-25x40-cm-5059340460215?queryID=1d9ce9cfd1fa568c55861db01c9d9f4f&objectID=246474&indexName=pro_ES_products;Cemento;Caliste;5059340460215;15;25 cm;40 cm;40 cm;8 mm;40;1;Mate;No;;Diseño cementoso;Interior;pasta roja;Sí;15;Durante el proceso de fabricación de las piezas de cerámica, el tono y/o el calibre pueden sufrir pequeñas variaciones. Es recomendable adquirir un 15 % más de material.;DOP_ES_PT_5059340460215;No;No;Brico Depôt;3 años;;PEI2;;;;;;;;;
https://www.bricodepot.es/azulejo-konkrete-mureto-gris-20x60-cm-5036581089597?queryID=f3391f59d39add360d722b46e0463e27&objectID=132978&indexName=pro_ES_products;Konkrete;;5036581089597;10;20 cm;20 cm;60 cm;8 mm;60;22.35;Mate;No;;Cementoso;Interior;pasta roja;No;12;Durante el proceso de fabricación de las piezas de cerámica, el tono y/o el calibre pueden sufrir pequeñas variaciones. Es recomendable adquirir un 15 % más de material.;DOP_5036581089597;No;No;Brico Depôt;3 años;primera_calidad_ES;PEI2;;;;;;;;;
https://www.bricodepot.es/azulejo-konkrete-mureto-marfil-decor-20x60-cm-5036581089580?queryID=b521c78ee2c90db8c3d65c4ed0d41f02&objectID=132977&indexName=pro_ES_products;Konkrete;;5036581089580;10;20 cm;20 cm;60 cm;8 mm;60;1;Mate;No;;Cementoso;Interior;pasta roja;No;12;Durante el proceso de fabricación de las piezas de cerámica, el tono y/o el calibre pueden sufrir pequeñas variaciones. Es recomendable adquirir un 15 % más de material.;DOP_5036581089580;No;No;Brico Depôt;3 años;primera_calidad_ES;PEI2;;;;;;;;;
https://www.bricodepot.es/azulejo-caliste-decor-25x40-cm-5059340460239?queryID=3e7583552e90acd7d16914eaafb1fe87&objectID=246476&indexName=pro_ES_products;Cemento;Caliste;5059340460239;15;25 cm;40 cm;40 cm;8 mm;40;1;Mate;No;;Diseño cementoso;Interior;pasta roja;Sí;15;Durante el proceso de fabricación de las piezas de cerámica, el tono y/o el calibre pueden sufrir pequeñas variaciones. Es recomendable adquirir un 15 % más de material.;DOP_ES_5059340460239;No;No;Brico Depôt;3 años;;PEI2;;;;;;;;;
https://www.bricodepot.es/azulejo-konkrete-gris-20x60-cm-5036581089542?queryID=aef3af879e74b4c852aa0eefcbb6a8e8&objectID=132974&indexName=pro_ES_products;Konkrete;;5036581089542;10;20 cm;20 cm;60 cm;8 mm;60;22.35;Mate;No;;Cementoso;Interior;pasta roja;No;12;Durante el proceso de fabricación de las piezas de cerámica, el tono y/o el calibre pueden sufrir pequeñas variaciones. Es recomendable adquirir un 15 % más de material.;DOP_5036581089542;No;No;Brico Depôt;3 años;primera_calidad_ES;PEI2;;;;;;;;;
https://www.bricodepot.es/azulejo-konkrete-marfil-20-x-60-cm-5036581089535?queryID=0487957a0aa022efb477738375cf5aaf&objectID=132973&indexName=pro_ES_products;Konkrete;;5036581089535;10;20 cm;20 cm;60 cm;8 mm;60;22.35;Mate;No;;Cementoso;Interior;pasta roja;No;12;Durante el proceso de fabricación de las piezas de cerámica, el tono y/o el calibre pueden sufrir pequeñas variaciones. Es recomendable adquirir un 15 % más de material.;DOP_5036581089535;No;No;Brico Depôt;3 años;primera_calidad_ES;PEI2;;;;;;;;;
https://www.bricodepot.es/azulejo-caliste-gris-claro-25x40-cm-5059340460208?queryID=abb97febd1eec6f103bf54303f6b7072&objectID=246473&indexName=pro_ES_products;Cemento;Caliste;5059340460208;15;25 cm;40 cm;40 cm;8 mm;40;1;Mate;No;;Diseño cementoso;Interior;pasta roja;Sí;15;Durante el proceso de fabricación de las piezas de cerámica, el tono y/o el calibre pueden sufrir pequeñas variaciones. Es recomendable adquirir un 15 % más de material.;DOP_ES_PT_5059340460208;No;No;Brico Depôt;3 años;;PEI2;;;;;;;;;
https://www.bricodepot.es/revestimiento-pasta-blanca-leah-blanco-mate-30x90-cm-cooke-lewis-5059340719627?queryID=ef88bce5c801ace50eb100e101dc1872&objectID=259900&indexName=pro_ES_products;Leah;;5059340719627;5.3;30 cm;30.3 cm;90 cm;;90.3;21.5;Mate;No;;;Interior;pasta blanca;Sí;;;DOP_ES_PT_5059340719627;No;Sí;Brico Depôt;3 años;;;;Cooke & Lewis;Mate;Mármol;;;;;
https://www.bricodepot.es/revestimiento-pasta-blanca-salinas-gold-30x60-cm-8429991787653?queryID=58d6afc0d5bce0b54490764ae0f9a8e8&objectID=260433&indexName=pro_ES_products;Salinas;;8429991787653;7;30 cm;30.5 cm;60 cm;7 mm;60.5;21.5;Brillo;No;1.62;Rectangular;Interior;pasta blanca;Sí;;;;No;No;Brico Depôt;3 años;;;;;Brillo;Mármol;;;;;
https://www.bricodepot.es/revestimiento-pasta-blanca-palmar-blanco-30x60-cm-8429991787646?queryID=aecca2baf36c5fc33f7a439e4f2b4cf4&objectID=259903&indexName=pro_ES_products;Palmar;;8429991787646;7;30 cm;30.5 cm;60 cm;;60.5;21.5;Brillo;No;;;Interior;pasta blanca;Sí;;;DOP_8429991787646;No;Sí;Brico Depôt;3 años;;;;;Brillo;Mármol;;;;;
https://www.bricodepot.es/revestimiento-pasta-blanca-leah-relieve-blanco-30x90-cm-cooke-lewis-5059340719528?queryID=c46a47b27220e36965dc7f066a309ab9&objectID=259902&indexName=pro_ES_products;Leah;;5059340719528;5.3;30 cm;30.3 cm;90 cm;;90.3;21.5;Brillo;No;1.35;relieve;Interior;pasta blanca;Sí;;;DOP_ES_PT_5059340719528;No;Sí;Brico Depôt;3 años;;;;Cooke & Lewis;Brillo;Mármol;;;;;
https://www.bricodepot.es/revestimiento-pasta-blanca-leah-blanco-mate-30x90-cm-cooke-lewis-5059340719627?queryID=ef88bce5c801ace50eb100e101dc1872&objectID=259900&indexName=pro_ES_products;Leah;;5059340719627;5.3;30 cm;30.3 cm;90 cm;;90.3;21.5;Mate;No;;;Interior;pasta blanca;Sí;;;DOP_ES_PT_5059340719627;No;Sí;Brico Depôt;3 años;;;;Cooke & Lewis;Mate;Mármol;;;;;
https://www.bricodepot.es/revestimiento-pasta-blanca-leah-blanco-30x90-cm-cooke-lewis-5059340719542?queryID=d6066c83cdc0b8691e817d42d12154d8&objectID=260434&indexName=pro_ES_products;Leah;;5059340719542;5.3;30 cm;30.3 cm;90 cm;;90.3;21.5;Brillo;No;1.35;Liso;Interior;pasta blanca;Sí;5;;DOP_ES_PT_5059340719542;No;Sí;Brico Depôt;3 años;;;;Cooke & Lewis;Brillo;Mármol;;;;;
https://www.bricodepot.es/azulejo-pasta-blanca-minerva-gold-30x90cm-8435414126275?queryID=ee1a4358df6ac588d40fa96f4cf0dd44&objectID=267119&indexName=pro_ES_products;Minerva;;8435414126275;5;30 cm;30.3 cm;90 cm;;90.3;19.5;Brillo;No;1.62;Mármol;Interior;pasta blanca;Sí;;;;No;Sí;Brico Depôt;3 años;;;;Goodhome;Brillo;Mármol;;;;;
https://www.bricodepot.es/azulejo-zalie-gris-mate-30x90-cm-5059340781921?queryID=b68f4d633835967d64b4282d2810c479&objectID=246484&indexName=pro_ES_products;Piedra;Zalie;5059340781921;4.8;30 cm;90.4 cm;90 cm;8.7 mm;30.4;21.2;Mate;No;1.35;Travertino;Interior;Cerámica. PB.;Sí;5;Se espera cierto grado de variación en el color o en el tono de estos productos. Escoja siempre cajas que tengan el mismo número de referencia, en cuanto a selección y tono, calibre y producción. Es recomendable adquirir un 15 % más de material.;DOP_ES_PT_5059340781921;No;No;Brico Depôt;3 años;;;;;Mate;;;;;;
https://www.bricodepot.es/azulejo-ideal-blanco-decor-25x40-cm-5036581064884?queryID=3abe70f81af41f0d901ba37334492a0b&objectID=132956&indexName=pro_ES_products;Ideal;;5036581064884;13;25 cm;25 cm;40 cm;8 mm;40;1;Mate;No;;Mármol;Interior;pasta roja;No;15;Durante el proceso de fabricación de las piezas de cerámica, el tono y/o el calibre pueden sufrir pequeñas variaciones. Es recomendable adquirir un 15 % más de material.;DOP_5036581064884;No;No;Brico Depôt;3 años;primera_calidad_ES;PEI2;;;;;;;;;
https://www.bricodepot.es/azulejo-elegance-marble-statuario-20x60-cm-5036581065201?queryID=d627d0ca321a7d66ea1eb3bde800443a&objectID=132961&indexName=pro_ES_products;;;5036581065201;9.1;;20.3 cm;;;60.3;17.07;;No;;Mármol;;;No;;Durante el proceso de fabricación de las piezas de cerámica, el tono y/o el calibre pueden sufrir pequeñas variaciones. Es recomendable adquirir un 15 % más de material.;DOP_5036581065201;No;No;Brico Depôt;3 años;primera_calidad_ES;;;;;;;;;;
https://www.bricodepot.es/azulejo-ideal-blanco-25x40-cm-5036581064877?queryID=80482a14557f5a66788b7e65a6f99ff9&objectID=132955&indexName=pro_ES_products;Ideal;;5036581064877;13;25 cm;25 cm;40 cm;8 mm;40;1;Mate;No;;Mármol;Interior;pasta roja;No;15;Durante el proceso de fabricación de las piezas de cerámica, el tono y/o el calibre pueden sufrir pequeñas variaciones. Es recomendable adquirir un 15 % más de material.;DOP_5036581064877;No;No;Brico Depôt;3 años;primera_calidad_ES;PEI2;;;;;;;;;
https://www.bricodepot.es/azulejo-elegance-marble-statuario-deing-decor-20x60-cm-5036581065218?queryID=2395ae62a77b434f0106177cfe3004c4&objectID=132962&indexName=pro_ES_products;;;5036581065218;9.1;;20.3 cm;;;60.3;17.07;;No;;;;;No;;Durante el proceso de fabricación de las piezas de cerámica, el tono y/o el calibre pueden sufrir pequeñas variaciones. Es recomendable adquirir un 15 % más de material.;DOP_5036581065218;No;No;Brico Depôt;3 años;primera_calidad_ES;;;;;;;;;;
https://www.bricodepot.es/pavimento-porcelanico-cartago-haya-233x120cm-8429178398283?queryID=bb20a8d9dccd43d787bf8a4e6800b25b&objectID=342996&indexName=pro_ES_products;Haya;;8429178398283;4.35;120 cm;23.8 cm;23 cm;;120.5;25.8;;No;;;Interior;Porcelanico;No;5;;DOP_ES_PT_8429178398283;No;;Brico Depôt;3 años;;4;;;;Madera;;;1.4;5;
https://www.bricodepot.es/pavimento-ucles-madera-natural-22-5x90-cm-8435414127845?queryID=cee7f394e762324b96a77d6a2b2373b4&objectID=328325&indexName=pro_ES_products;;;8435414127845;5.5;;22.5 cm;22.5 cm;8.5 mm;90;22.5;Mate;Sí;;Liso;Interior;porcelánico;No;;;DOP_PT_8435414127845;No;;Brico Depôt;3 años;;4;;;Mate;;;;1.21;6;Moderado
https://www.bricodepot.es/pavimento-ceramico-barsan-205x615-cm-cooke-lewis-5059340433233?queryID=d961b39bcc9b3be72062953428a9eeb9&objectID=175409&indexName=pro_ES_products;Barsan;;5059340433233;8.55;20.5 cm;61.5 cm;61.5 cm;9.5 mm;20.5;21.5;;No;;;Interior;"Cerámica; Pasta roja";No;9;Se espera cierto grado de variación en el color o en el tono de estos productos. Escoja siempre cajas que tengan el mismo número de referencia, en cuanto a selección y tono, calibre y producción. Es recomendable adquirir un 15 % más de material.;DOP_ES_PT_5059340433233;Sí;;Brico Depôt;3 años;primera_calidad_ES;3;EN 14411;Cooke & Lewis;Mate;Madera;;;1.13;6;Moderado
https://www.bricodepot.es/pavimento-beige-amaga-24x88cm-8429178840003?queryID=d6000028d8eb9099104ab7f5525749c3&objectID=424905&indexName=pro_ES_products;;;8429178840003;5.6;88 cm;24 cm;24 cm;8.5 mm;88;24;Mate;Sí;;;Interior;;No;;;DOP_ES_PT_8429178840003;No;;Brico Depôt;3 años;;;;;;;;;;;
https://www.bricodepot.es/pavimento-ceramico-madine-marron-45-x-45-cm-5059340433240?queryID=68ac48dfa64920b06582ba7cab203ad5&objectID=135827&indexName=pro_ES_products;Madine;;5059340433240;6.4;45 cm;45 cm;45 cm;9.1 mm;45;25.6;Liso;No;;Lisa;Interior;gres cerámico;No;7;Se espera cierto grado de variación en el color o en el tono de estos productos. Escoja siempre cajas que tengan el mismo número de referencia, en cuanto a selección y tono, calibre y producción. Es recomendable adquirir un 15 % más de material.;DOP_5059340433240;No;;Brico Depôt;3 años;;PEI3;;;Mate;Madera;;;1.42;;
https://www.bricodepot.es/pavimento-ceramico-roble-61-5x20-5-cm-c-l-5059340433424?queryID=18588bd5abd2476732bd4f88f3e10a59&objectID=139635&indexName=pro_ES_products;Rústico;Fabre;5059340433424;8.55;20.5 cm;61.5 cm;61.5 cm;9.5 mm;;21.5;Mate;No;;;Interior;"Cerámica; Pasta roja";No;9;Durante el proceso de fabricación de las piezas de cerámica, el tono y/o el calibre pueden sufrir pequeñas variaciones. Es recomendable adquirir un 15 % más de material.;DoP_0131;No;;Brico Depôt;3 años;primera_calidad_ES;3;EN 14411;Cooke & Lewis;Mate;Madera;;;1.13;6;
https://www.bricodepot.es/pavimento-porcelanico-norwegio-gris-30x60cm-3663602679332?queryID=7278c601948f798a7b069e6a135951db&objectID=133369&indexName=pro_ES_products;Norwegio;;3663602679332;15;30 cm;40 cm;60 cm;8.5 mm;40;22.92;;Sí;;;Interior;Porcelánico;No;7;Durante el proceso de fabricación de las piezas de cerámica, el tono y/o el calibre pueden sufrir pequeñas variaciones. Es recomendable adquirir un 15 % más de material.;DoP_0104;Sí;;Brico Depôt;3 años;;2;;;Mate;Madera;;;1.26;5;Tráfico moderado
https://www.bricodepot.es/pavimento-porcelanico-clizy-gris-24x88x0-8-cm-5063022022561?queryID=08e9b7492d97b1b76793c2a45f0e6973&objectID=139247&indexName=pro_ES_products;Clizy;;5063022022561;5.5;88 cm;24.03 cm;24 cm;8.5 mm;88.03;23.1;;Sí;;;Interior;Porcelánico;No;6;Durante el proceso de fabricación de las piezas de cerámica, el tono y/o el calibre pueden sufrir pequeñas variaciones. Es recomendable adquirir un 15 % más de material.;DOP_ES_PT_5063022022561;Sí;;Brico Depôt;3 años;;3;;Goodhome;Mate;Madera;;;1.27;7;Tráfico pesado
https://www.bricodepot.es/pavimento-porcelanico-woodproject-nogal-23x120-cm-3663602675846?queryID=891bec0a685a06870293fde0fd854dfa&objectID=133328&indexName=pro_ES_products;Woodproject;;3663602675846;4.23;23 cm;23.65 cm;120 cm;9.7 mm;120.35;21.85;;Sí;;;Interior;Porcelánico;No;4;Durante el proceso de fabricación de las piezas de cerámica, el tono y/o el calibre pueden sufrir pequeñas variaciones. Es recomendable adquirir un 15 % más de material.;DoP_0100;Sí;;Brico Depôt;3 años;;3;;Colours;Mate;Madera;;;1.12;6;
https://www.bricodepot.es/pavimento-porcelanico-c2-jano-zarautz-beige-23x120-cm-8429991784904?queryID=0c0df057f811faa4c4c8b623002d3cbe&objectID=260075&indexName=pro_ES_products;Jano Zarautz;;8429991784904;5;23 cm;23.5 cm;120 cm;;120.5;24.95;Satinado;Sí;;;Interior;porcelánico;No;;;DOP_ES_8429991784904;Sí;;Brico Depôt;3 años;;3;;;Satinado;Madera;;;1.38;6;Tráfico moderado
https://www.bricodepot.es/pavimento-porcelanico-ucles-gris-22-5x90-cm-8435414126282?queryID=ca18ad31ac96a39ad512027af988eda4&objectID=266254&indexName=pro_ES_products;Ucles;;8435414126282;5.5;22.5 cm;22.8 cm;90 cm;8.5 mm;90.3;22.5;Mate;Sí;;Liso;Interior;porcelánico;No;;;;No;;Brico Depôt;3 años;;4;;;Mate;Madera;;;1.21;6;Moderado
https://www.bricodepot.es/pavimento-porcelanico-c2-jano-zarautz-gray-23x120-cm-8429991784881?queryID=7af07f9b6215448821d2c98863e0284a&objectID=260072&indexName=pro_ES_products;Jano Zarautz;;8429991784881;5;23 cm;23.5 cm;120 cm;;120.5;24.95;Mate;Sí;;;Interior-Exterior;porcelánico;No;;;DOP_ES_8429991784881;Sí;;Brico Depôt;3 años;;3;;;Mate;Madera;;;1.38;6;Tráfico moderado
https://www.bricodepot.es/pavimento-porcelanico-monaco-22-5-x-90-cm-8435414109278?queryID=566bf1d5c7bc93228ad7f99544050346&objectID=133419&indexName=pro_ES_products;;;8435414109278;15;22.5 cm;40 cm;90 cm;8.5 mm;40;22.41;;Sí;;;Interior;Porcelánico;No;;Durante el proceso de fabricación de las piezas de cerámica, el tono y/o el calibre pueden sufrir pequeñas variaciones. Es recomendable adquirir un 15 % más de material.;DoP_0122;Sí;;Brico Depôt;3 años;;;;;;Madera;;;1.215;;
https://www.bricodepot.es/pavimento-porcelanico-c2-jano-zarautz-oak-23x120-cm-8429991784898?queryID=328f9d55ed5f3a74ecebff3576083c84&objectID=260078&indexName=pro_ES_products;Jano Zarautz;;8429991784898;5;23 cm;23.5 cm;120 cm;;120.5;24.95;Mate;Sí;;;Interior-Exterior;porcelánico;No;;;DOP_ES_8429991784898;Sí;;Brico Depôt;3 años;;3;;;Mate;Madera;;;1.38;6;Tráfico moderado
https://www.bricodepot.es/pavimento-porcelanico-assen-gris-45x45-cm-8435609317396?queryID=2439d769e21e2f4eb5249bda09dc64e7&objectID=133451&indexName=pro_ES_products;;;8435609317396;6.5;;45 cm;;;45;25.48;;No;;;Interior-Exterior;Cerámica;No;;Durante el proceso de fabricación de las piezas de cerámica, el tono y/o el calibre pueden sufrir pequeñas variaciones. Es recomendable adquirir un 15 % más de material.;DoP_0146;Sí;;Brico Depôt;3 años;;;;;;Cemento;;;1.42;;
https://www.bricodepot.es/pavimento-porcelanico-zicatela-blanco-60x120cm-8429991953577?queryID=ef4552ded6bb4c7ed3cb1f44f2db80db&objectID=441897&indexName=pro_ES_products;Zicatela;;8429991953577;2.5;120 cm;60 cm;60 cm;0.9 cm;120;20.49;Mate;No;;Cementoso;Interior-Exterior;porcelanico;Sí;;;;Sí;;Brico Depôt;3 años;;3;;;;;;;1.44;5;
https://www.bricodepot.es/pavimento-porcelanico-c2-toran-gris-23x120-cm-8435609333921?queryID=b19a4e7b316418f76470f580b2e204ed&objectID=135532&indexName=pro_ES_products;Toran;;8435609333921;4;23 cm;23 cm;120 cm;9.1 mm;120;22;;Sí;;;Interior-Exterior;Porcelánico esmaltado.;Sí;4;Durante el proceso de fabricación de las piezas de cerámica, el tono y/o el calibre pueden sufrir pequeñas variaciones. Es recomendable adquirir un 15 % más de material.;DoP_8435609333891_8435609333921_8435609333952;Sí;;Brico Depôt;3 años;;4;;;Mate;Madera;;;1.09;7;
https://www.bricodepot.es/pav-damian-45x45-gris-5059340720951?queryID=6d1dbab6c610697d73db1b70ab1811f7&objectID=306557&indexName=pro_ES_products;;;5059340720951;6.4;45 cm;45 cm;45 cm;;45;25.6;Mate;No;;;Interior;pasta roja;Sí;;;;No;;Brico Depôt;3 años;;3;;;Mate;Desgastado;;;1.42;6;Tránsito alto
https://www.bricodepot.es/pavimento-porcelanico-structured-beige-60x60cm-3663602677413?queryID=553fadb2bc167bb71c928a81b5592f99&objectID=133347&indexName=pro_ES_products;Structured concrete;;3663602677413;4;60 cm;60.04 cm;60 cm;9.5 mm;60.04;23.13;;Sí;;;Interior;Porcelánico;No;3;Durante el proceso de fabricación de las piezas de cerámica, el tono y/o el calibre pueden sufrir pequeñas variaciones. Es recomendable adquirir un 15 % más de material.;DoP_0106;Sí;;Brico Depôt;3 años;;3;;Colours;Mate;Baldosa;;;1.08;6;Tráfico frecuente
https://www.bricodepot.es/pavimento-porcelanico-c2-toran-haya-23x120-cm-8435609333952?queryID=35b94baad2cf75c396d03a2ed70002e7&objectID=135533&indexName=pro_ES_products;Toran;;8435609333952;4;23 cm;23 cm;120 cm;9.1 mm;120;22;;Sí;;;Interior-Exterior;Porcelánico esmaltado.;Sí;4;Durante el proceso de fabricación de las piezas de cerámica, el tono y/o el calibre pueden sufrir pequeñas variaciones. Es recomendable adquirir un 15 % más de material.;DoP_8435609333891_8435609333921_8435609333952;Sí;;Brico Depôt;3 años;;4;;;Mate;Madera;;;1.085;7;
https://www.bricodepot.es/pav-damian-45x45-beige-5059340721026?queryID=aa0dd03f4582c052c64c112a7cc3c783&objectID=306558&indexName=pro_ES_products;;;5059340721026;6.4;45 cm;45 cm;45 cm;;45;25.6;Mate;No;;;Interior;pasta roja;Sí;;;;Sí;;Brico Depôt;3 años;;3;;;Mate;Desgastado;;;1.42;6;Tráfico ligero-moderado
https://www.bricodepot.es/pavimento-porcelanico-shaded-gris-30x60-cm-3663602677857?queryID=3635333a25eb17b5dbbc7fa47181b224&objectID=133358&indexName=pro_ES_products;Shaded;;3663602677857;31;61.5 cm;8 cm;30.8 cm;7.5 mm;62;3;;Sí;;;Interior;Porcelánico;No;7;Durante el proceso de fabricación de las piezas de cerámica, el tono y/o el calibre pueden sufrir pequeñas variaciones. Es recomendable adquirir un 15 % más de material.;DOP_3663602677857;Sí;;Brico Depôt;3 años;;4;;Colours;Mate;Mármol;;;1.32;5;Tráfico pesado
https://www.bricodepot.es/pavimento-belinda-coral-45x45-cm-5059340812311?queryID=7a8fe98b493cf3668bd5b702b0055877&objectID=246509&indexName=pro_ES_products;Clásico;Belinda;5059340812311;15;45 cm;40 cm;45 cm;8.5 mm;40;26;;No;;;Interior;"Cerámica; Pasta roja";No;7;Durante el proceso de fabricación de las piezas de cerámica, el tono y/o el calibre pueden sufrir pequeñas variaciones. Es recomendable adquirir un 15 % más de material.;DOP_ES_PT_5059340812311;No;;Brico Depôt;3 años;;2;;;Brillo;Mármol;;;1.42;6;
https://www.bricodepot.es/pavimento-porcelanico-aruma-60x60-cm-5059340269610?queryID=170e4f1ce87e8ccc03f90a2f1fc3e1ba&objectID=139404&indexName=pro_ES_products;Aruma;;5059340269610;3.4;60 cm;60.8 cm;60 cm;9.5 mm;60.8;21.66;Cromado;No;;;Interior;porcelánico esmaltado;No;3;Durante el proceso de fabricación de las piezas de cerámica, el tono y/o el calibre pueden sufrir pequeñas variaciones. Es recomendable adquirir un 15 % más de material. No utilices productos de limpieza abrasivos ni corrosivos.;;No;;Brico Depôt;3 años;;;EN 14411;Goodhome;Brillo;Mármol;;;1.1;;
https://www.bricodepot.es/pavimento-porcelanico-shaded-gris-30x60-cm-3663602677857?queryID=3635333a25eb17b5dbbc7fa47181b224&objectID=133358&indexName=pro_ES_products;Shaded;;3663602677857;31;61.5 cm;8 cm;30.8 cm;7.5 mm;62;3;;Sí;;;Interior;Porcelánico;No;7;Durante el proceso de fabricación de las piezas de cerámica, el tono y/o el calibre pueden sufrir pequeñas variaciones. Es recomendable adquirir un 15 % más de material.;DOP_3663602677857;Sí;;Brico Depôt;3 años;;4;;Colours;Mate;Mármol;;;1.32;5;Tráfico pesado
https://www.bricodepot.es/pavimento-pasta-roja-belinda-beige-45x45-cm-5059340721002?queryID=3ba705ec4a99b1a03564776a2ba10fb8&objectID=260082&indexName=pro_ES_products;Belinda;;5059340721002;6.37;45 cm;45 cm;45 cm;;45;0.01;Brillo;No;;;Interior;porcelánico;Sí;;;;Sí;;Brico Depôt;3 años;;2;;;Brillante;Mármol;;;1.42;5;Tráfico moderado
https://www.bricodepot.es/pavimento-porcelanico-c2-new-port-silver-60x60-cm-8429991793449?queryID=3bb083592a3edafa444bc45f715200a0&objectID=260074&indexName=pro_ES_products;New Port;;8429991793449;4.5;60 cm;60.5 cm;60 cm;;60.5;22.7;Satinado;Sí;;;Interior-Exterior;porcelánico;Sí;;;;Sí;;Brico Depôt;3 años;;3;;;Satinado;Mármol;;;1.08;6;Tráfico moderado
https://www.bricodepot.es/pavimento-belinda-gris-45x45-cm-5059340720968?queryID=1f5df9b65f897ffc8b57c78b8e53f87e&objectID=246504&indexName=pro_ES_products;Clásico;Belinda;5059340720968;15;45 cm;40 cm;45 cm;9.1 mm;40;26;;No;;;Interior;"Cerámica; Pasta roja";No;7;Durante el proceso de fabricación de las piezas de cerámica, el tono y/o el calibre pueden sufrir pequeñas variaciones. Es recomendable adquirir un 15 % más de material.;;Sí;;Brico Depôt;3 años;primera_calidad_ES;2;;;Brillo;Mármol;;;1.42;5;
https://www.bricodepot.es/revestimiento-pasta-roja-hill-golden-45x45-cm-8435609330777?queryID=edb7b1eacce178405fef4f1b33b80cd6&objectID=259890&indexName=pro_ES_products;Hill;;8435609330777;6.4;45 cm;45 cm;45 cm;;45;25.6;Mate;No;;;Interior;pasta roja;Sí;;;DOP_8435609330777_8435609347652;No;Sí;Brico Depôt;3 años;;3;;;Mate;Mármol;;;;;
https://www.bricodepot.es/pavimento-porcelanico-nisida-slim-blanco-efecto-marmol-60-x-120cm-5063022605061?queryID=7e9da79e6ba67f193221628077d9dfe6&objectID=480386&indexName=pro_ES_products;Nisida;;5063022605061;1.6;120 cm;60 cm;60 cm;5 mm;120;24.5;;No;;;Interior;Porcelana;Sí;;;;No;;Brico Depôt;3 años;;3;;Cooke & Lewis;Pulido;Mármol;;;;5;
https://www.bricodepot.es/pavimento-ludo-cotto-33x33-cm-5059340720999?queryID=c961874f95b5dbd002794221daf67a12&objectID=246506&indexName=pro_ES_products;Rústico;Ludo;5059340720999;15;33 cm;40 cm;33 cm;8.5 mm;40;25;;No;;;Interior;"Cerámica; Pasta roja";No;13;Durante el proceso de fabricación de las piezas de cerámica, el tono y/o el calibre pueden sufrir pequeñas variaciones. Es recomendable adquirir un 15 % más de material.;;Sí;;Brico Depôt;3 años;primera_calidad_ES;3;;;Brillo;Rústico;;;1.45;6;
https://www.bricodepot.es/pavimento-ceramico-granada-hidraulico-33-x-33-cm-8435414101517?queryID=28185e920dcaece0e248e9c519027af7&objectID=133410&indexName=pro_ES_products;;;8435414101517;15;33 cm;40 cm;33 cm;;40;21.6;;No;;;Interior;"Cerámica; Pasta roja";No;;Durante el proceso de fabricación de las piezas de cerámica, el tono y/o el calibre pueden sufrir pequeñas variaciones. Es recomendable adquirir un 15 % más de material.;DOP_PT_8435414101517;Sí;;Brico Depôt;3 años;primera_calidad_ES;;;;;;;;1.33;;
https://www.bricodepot.es/pavimento-salinas-gold-60x120cm-8429991953478?queryID=8bf0c3943605927362f1fc9a177689a1&objectID=424906&indexName=pro_ES_products;;;8429991953478;2.5;120 cm;60 cm;60 cm;9 mm;120;29.5;;Sí;;;;Gres porcelánico;Sí;;;;No;;Brico Depôt;3 años;;;;;;;;;;;
https://www.bricodepot.es/pavimento-ludo-rojizo-33x33-cm-5059340721040?queryID=13b7b8ed7325690fcb39f4254703c53e&objectID=246508&indexName=pro_ES_products;Rústico;Ludo;5059340721040;15;33 cm;40 cm;33 cm;8.5 mm;40;25;;No;;;Interior;"Cerámica; Pasta roja";No;13;Durante el proceso de fabricación de las piezas de cerámica, el tono y/o el calibre pueden sufrir pequeñas variaciones. Es recomendable adquirir un 15 % más de material.;DOP_ES_PT_5059340721040;Sí;;Brico Depôt;3 años;primera_calidad_ES;3;;;Semibrillante;Rústico;;;1.45;6;
https://www.bricodepot.es/pavimento-porcelanico-c2-salinas-gold-60x60-cm-8429991798857?queryID=4762fc1898674a64f90d692b0872515c&objectID=260083&indexName=pro_ES_products;Salinas;;8429991798857;4.5;60 cm;60.5 cm;60 cm;;60.5;22.7;Brillo;Sí;;;Interior;porcelánico;Sí;;;;No;;Brico Depôt;3 años;;3;;;Brillante;Mármol;;;1.08;6;Tráfico moderado
https://www.bricodepot.es/pavimento-pasta-roja-cotto-vermelha-33x33-cm-5059340460383?queryID=c88170d2fff1b31553f1d7c6b9df3052&objectID=260076&indexName=pro_ES_products;Cotto;;5059340460383;11.05;33 cm;33.3 cm;33 cm;;33.3;24.78;Satinado;No;;;Interior;pasta roja;Sí;;;DOP_PT_5059340460383;Sí;;Brico Depôt;3 años;;;;;Satinado;Desgastado;;;1.45;;Tráfico ligero-moderado
https://www.bricodepot.es/pavimento-porcelanico-c2-flower-hidraulico-45x45-cm-8429991787479?queryID=52af7cdbe8a2da527c8872e0c74c6321&objectID=260070&indexName=pro_ES_products;Flower;;8429991787479;6.5;45 cm;45.5 cm;45 cm;;45.5;25;Mate;Sí;;Hidráulico;Interior;porcelánico;Sí;;;;Sí;;Brico Depôt;3 años;;3;;;Mate;Mosaico;;;1.22;6;Tráfico moderado
https://www.bricodepot.es/plaqueta-cervino-crema-32-x-48cm-8435414125131?queryID=28b9a86c2870ca0de1cba6b9959626b9&objectID=340425&indexName=pro_ES_products;;;8435414125131;10;;48 cm;32 cm;;32;24.9;;No;;;;;No;;;;No;No;Brico Depôt;3 años;;;;;;;;;;;
https://www.bricodepot.es/plaqueta-teide-gris-17-x-52cm-8435414122574?queryID=805dc31880c8b1a6561f3e4129bb672f&objectID=340427&indexName=pro_ES_products;;;8435414122574;1.5;;16.6 cm;17 cm;10 mm;52;18;Reviele;Sí;1.15;;Interior;porcelanico;No;;;;No;No;Brico Depôt;3 años;;;;;;;;;;;
https://www.bricodepot.es/plaqueta-cervino-mix-32x48-8435414125100?queryID=a9ff5ecfba4abd1086e7b8bef822bc86&objectID=371870&indexName=pro_ES_products;;;8435414125100;10;32 cm;48 cm;48 cm;;32;24.9;;Sí;;;Exterior;;No;;;;Sí;No;Brico Depôt;3 años;;;;;;;;;;;
https://www.bricodepot.es/plaqueta-teide-blanco-17-x-52cm-8435414124189?queryID=9912a58adca3f34baffa069c92cca05d&objectID=340424&indexName=pro_ES_products;;;8435414124189;12;;52 cm;17 cm;10 mm;17;22.5;Reviele;No;1.15;;Interior;porcelanico;No;;;;No;No;Brico Depôt;3 años;;;;;;;;;;;
https://www.bricodepot.es/plaqueta-orso-pizarra-25x50-cm-5059340719597?queryID=9873f92cae4c3fa7e9eeb289bf5e4dcf&objectID=246481&indexName=pro_ES_products;Plaquetas;Orso;5059340719597;15;25 cm;40 cm;50 cm;9.5 mm;40;26.92;Rugoso;No;;Piedra;Interior;;No;13;Durante el proceso de fabricación de las piezas de cerámica, el tono y/o el calibre pueden sufrir pequeñas variaciones. Es recomendable adquirir un 15 % más de material.;DOP_ES_PT_5059340719597;No;No;Brico Depôt;3 años;;;;;;;;;;;
https://www.bricodepot.es/plaqueta-teide-beige-17-x-52cm-8435414122468?queryID=1caa3f16df10bc0ead2a4326bacbd325&objectID=340426&indexName=pro_ES_products;;;8435414122468;1.5;;16.6 cm;17 cm;10 mm;52;18;Reviele;Sí;1.15;;Interior;porcelanico;No;;;;No;No;Brico Depôt;3 años;;;;;;;;;;;
https://www.bricodepot.es/plaqueta-flandes-8435433537328?queryID=2efba7f0c0b060352bb439e6bc9f130a&objectID=133719&indexName=pro_ES_products;Flandes;;8435433537328;40;25 cm;40 cm;50 cm;;15;25;;No;;Piedra;Interior;;No;;Durante el proceso de fabricación de las piezas de cerámica, el tono y/o el calibre pueden sufrir pequeñas variaciones. Es recomendable adquirir un 15 % más de material.;DOP_PT_8435433537328;No;No;Brico Depôt;3 años;;;;;;;;;;;
https://www.bricodepot.es/plaqueta-orso-blanco-25x50-cm-5059340719511?queryID=0546b4dfd1859f428f773cbe64c9a771&objectID=246477&indexName=pro_ES_products;Plaquetas;Orso;5059340719511;12.35;25 cm;50 cm;50 cm;9.5 mm;25;22;Reviele;No;1.63;Piedra;Interior;pasta roja;No;13;Durante el proceso de fabricación de las piezas de cerámica, el tono y/o el calibre pueden sufrir pequeñas variaciones. Es recomendable adquirir un 15 % más de material.;DOP_ES_PT_5059340719511;No;No;Brico Depôt;3 años;;;;;;;;;;;
https://www.bricodepot.es/plaqueta-orso-marron-25x50-cm-5059340719566?queryID=0b695b8463d4a57fa7846e37926ec53a&objectID=246479&indexName=pro_ES_products;Plaquetas;Orso;5059340719566;15;25 cm;40 cm;50 cm;9.5 mm;40;26.92;Rugoso;No;;Piedra;Interior;"Cerámica; Pasta roja";No;13;Durante el proceso de fabricación de las piezas de cerámica, el tono y/o el calibre pueden sufrir pequeñas variaciones. Es recomendable adquirir un 15 % más de material.;DOP_ES_PT_5059340719566;No;No;Brico Depôt;3 años;;;;;;;;;;;
https://www.bricodepot.es/pavimento-porcelanico-adobery-taupe-23-x-120-cm-8435425577783?queryID=c2d532faebec5fc1ddb68994cfc8cfe7&objectID=133425&indexName=pro_ES_products;;;8435425577783;15;23 cm;40 cm;120 cm;;40;23.33;;Sí;;;Interior-Exterior;Porcelánico;No;;Durante el proceso de fabricación de las piezas de cerámica, el tono y/o el calibre pueden sufrir pequeñas variaciones. Es recomendable adquirir un 15 % más de material.;DoP_0054;Sí;;Brico Depôt;3 años;;;;;;Madera;;;1.118;;
https://www.bricodepot.es/pavimento-porcelanico-c2-rodiles-pearl-20x75-cm-8429991787493?queryID=53a1af63a6ad3f452551a284b4101aa3&objectID=260068&indexName=pro_ES_products;Rodiles;;8429991787493;6;20 cm;20.5 cm;75 cm;;75.5;18.5;Satinado;Sí;;;Interior-Exterior;porcelánico;No;;;;Sí;;Brico Depôt;3 años;;3;;;Satinado;Madera;;;1.05;6;Tráfico moderado
https://www.bricodepot.es/plaqueta-orso-pizarra-25x50-cm-5059340719597?queryID=9873f92cae4c3fa7e9eeb289bf5e4dcf&objectID=246481&indexName=pro_ES_products;Plaquetas;Orso;5059340719597;15;25 cm;40 cm;50 cm;9.5 mm;40;26.92;Rugoso;No;;Piedra;Interior;;No;13;Durante el proceso de fabricación de las piezas de cerámica, el tono y/o el calibre pueden sufrir pequeñas variaciones. Es recomendable adquirir un 15 % más de material.;DOP_ES_PT_5059340719597;No;No;Brico Depôt;3 años;;;;;;;;;;;
https://www.bricodepot.es/pavimento-porcelanico-adobery-wengue-23-x-120-cm-8435433518471?queryID=3df5b9d6e0b064e36bbf08d54fff5993&objectID=133433&indexName=pro_ES_products;;;8435433518471;15;23 cm;40 cm;120 cm;;40;23.33;;Sí;;;Interior-Exterior;Porcelánico;No;;Durante el proceso de fabricación de las piezas de cerámica, el tono y/o el calibre pueden sufrir pequeñas variaciones. Es recomendable adquirir un 15 % más de material.;DOP_PT_8435433518471;Sí;;Brico Depôt;3 años;;;;;;Madera;;;1.118;;
https://www.bricodepot.es/pavimento-porcelanico-c3-rodiles-nut-20x75-cm-8429991787509?queryID=25dbb2e0fc899e7dfdfaba47120f8e3f&objectID=260069&indexName=pro_ES_products;Rodiles;;8429991787509;6;20 cm;20.5 cm;75 cm;;75.5;18.5;Mate;Sí;;;Exterior;porcelánico;No;;;;Sí;;Brico Depôt;3 años;;3;;;Mate;Madera;;;1.05;6;Tránsito alto
https://www.bricodepot.es/plaqueta-dany-gris-25x40-cm-5059340719610?queryID=c005b38b3bc671e2941229d9e1000494&objectID=246482&indexName=pro_ES_products;Plaquetas;Dany;5059340719610;15;25 cm;40 cm;40 cm;;40;25;;No;;Piedra;Interior;;No;;Durante el proceso de fabricación de las piezas de cerámica, el tono y/o el calibre pueden sufrir pequeñas variaciones. Es recomendable adquirir un 15 % más de material.;DOP_ES_PT_5059340719610;No;No;Brico Depôt;3 años;;;;;;;;;;;
https://www.bricodepot.es/pavimento-porcelanico-c3-rodiles-cream-20x75-cm-8429991787516?queryID=710dddf722dadadba390ffe549ce1e93&objectID=260073&indexName=pro_ES_products;Rodiles;;8429991787516;6;20 cm;20.5 cm;75 cm;;75.5;18.5;Mate;Sí;;;Exterior;porcelánico;No;;;;Sí;;Brico Depôt;3 años;;3;;;Mate;Madera;;;1.05;6;Tránsito alto
https://www.bricodepot.es/pavimento-real-travertino-multiformato-3663602678465?queryID=3681292e26d8f563fba24c9afd7e225c&objectID=133364&indexName=pro_ES_products;Real travertino;;3663602678465;3.8;40.6 cm;40.56 cm;61 cm;12 mm;61;20.9;;No;;;Interior;Cerámica;No;6;Durante el proceso de fabricación de las piezas de cerámica, el tono y/o el calibre pueden sufrir pequeñas variaciones. Es recomendable adquirir un 15 % más de material.;DOP_3663602678465;No;;Brico Depôt;3 años;;;;Colours;Mate;Piedra;;;0.74;;
https://www.bricodepot.es/pavimento-porcelanico-aspen-tierra-30-x-60-cm-8435414118669?queryID=dc4d57beaada758bda65036e2f779bb1&objectID=135450&indexName=pro_ES_products;Aspen;;8435414118669;6.9;30 cm;30.2 cm;60 cm;;60.2;27.6;;No;;;Interior-Exterior;Porcelánico;No;;Durante el proceso de fabricación de las piezas de cerámica, el tono y/o el calibre pueden sufrir pequeñas variaciones. Es recomendable adquirir un 15 % más de material.;DOP_PT_8435414118669;Sí;;Brico Depôt;3 años;;5;;;;Piedra;;;1.26;8;Tráfico pesado
https://www.bricodepot.es/pavimento-porcelanico-c2-somo-gris-20x75-cm-8429991787486?queryID=0bcdfc37949a1165d7663ba44f978ca7&objectID=260065&indexName=pro_ES_products;Somo;;8429991787486;6;20 cm;20.5 cm;75 cm;;75.5;18.5;Mate;Sí;;;Interior;porcelánico;Sí;;;DOP_ES_8429991787486;Sí;;Brico Depôt;3 años;;;;;Mate;Madera;;;1.08;4;Tránsito alto
https://www.bricodepot.es/pavimento-porcelanico-aspen-beige-30-x-60-cm-8435414118645?queryID=148b47bbfef2358fde0e9e728d4f0a4c&objectID=135449&indexName=pro_ES_products;Aspen;;8435414118645;6.9;30 cm;30.2 cm;60 cm;;60.2;27.6;;No;;;Interior-Exterior;Porcelánico;No;;Durante el proceso de fabricación de las piezas de cerámica, el tono y/o el calibre pueden sufrir pequeñas variaciones. Es recomendable adquirir un 15 % más de material.;DOP_PT_8435414118645;Sí;;Brico Depôt;3 años;;5;;;;Piedra;;;1.26;8;Tráfico pesado
https://www.bricodepot.es/pavimento-porcelanico-wolfy-gris-30-x-60-cm-5036581058326?queryID=0cf459fd2db89a97fa016b6e7be80d70&objectID=133389&indexName=pro_ES_products;;;5036581058326;6.09;;30 cm;;;60;22.92;;Sí;;;Interior-Exterior;Porcelánico;No;;Durante el proceso de fabricación de las piezas de cerámica, el tono y/o el calibre pueden sufrir pequeñas variaciones. Es recomendable adquirir un 15 % más de material.;DOP_ES_PT_5036581058326;Sí;;Brico Depôt;3 años;;;;;;;;;1.26;;
https://www.bricodepot.es/pavimento-porcelanico-exterior-concorde-haya-30x60-cm-8435609351932?queryID=32b47635f526fbe128cf1973db659dca&objectID=328324&indexName=pro_ES_products;;;8435609351932;6.1;;30 cm;60 cm;8.7 mm;60;22.9;;Sí;;;Exterior;;No;;;;Sí;;Brico Depôt;3 años;;;;;;;;;1.26;5;
https://www.bricodepot.es/pavimento-porcelanico-aspen-tierra-30-x-60-cm-8435414118669?queryID=dc4d57beaada758bda65036e2f779bb1&objectID=135450&indexName=pro_ES_products;Aspen;;8435414118669;6.9;30 cm;30.2 cm;60 cm;;60.2;27.6;;No;;;Interior-Exterior;Porcelánico;No;;Durante el proceso de fabricación de las piezas de cerámica, el tono y/o el calibre pueden sufrir pequeñas variaciones. Es recomendable adquirir un 15 % más de material.;DOP_PT_8435414118669;Sí;;Brico Depôt;3 años;;5;;;;Piedra;;;1.26;8;Tráfico pesado
https://www.bricodepot.es/pavimento-porcelanico-beige-mate-wolfy-30-x-60-cm-5036581058319?queryID=cfc47a8981ed91d309a64b5eae8c1103&objectID=133388&indexName=pro_ES_products;Wolfy;;5036581058319;6.09;30 cm;30 cm;60 cm;8.7 mm;60;22.92;Mate;Sí;;;Interior-Exterior;Porcelánico;No;;Durante el proceso de fabricación de las piezas de cerámica, el tono y/o el calibre pueden sufrir pequeñas variaciones. Es recomendable adquirir un 15 % más de material.;DOP_ES_PT_5036581058319;Sí;;Brico Depôt;3 años;;4;;;Mate;Piedra;;;1.26;6;
https://www.bricodepot.es/pavimento-ceramico-cedeira-negro-33-x-33-cm-8435433560210?queryID=d1225f68081681772a8bdec11487c533&objectID=133442&indexName=pro_ES_products;;;8435433560210;15;33.3 cm;40 cm;33.3 cm;;40;22.78;;No;;;Interior-Exterior;"Cerámica; Pasta roja";No;;Durante el proceso de fabricación de las piezas de cerámica, el tono y/o el calibre pueden sufrir pequeñas variaciones. Es recomendable adquirir un 15 % más de material.;DOP_PT_8435433560210;Sí;;Brico Depôt;3 años;primera_calidad_ES;;;;;Piedra;;;1;;
https://www.bricodepot.es/pavimento-porcelanico-harad-cotto-45-x-45-cm-8435433538134?queryID=bfca09deaedee4cceb29d1ade281d427&objectID=133435&indexName=pro_ES_products;;;8435433538134;15;45 cm;40 cm;45 cm;;40;25;;Sí;;;Interior-Exterior;Porcelánico;No;;Durante el proceso de fabricación de las piezas de cerámica, el tono y/o el calibre pueden sufrir pequeñas variaciones. Es recomendable adquirir un 15 % más de material.;DOP_PT_8435433538134;Sí;;Brico Depôt;3 años;;;;;;Rústico;;;1.42;;
https://www.bricodepot.es/pavimento-ceramico-cedeira-blanco-33-x-33-cm-8435433560159?queryID=2760327fdfeb796171fac74c98a40488&objectID=133440&indexName=pro_ES_products;;;8435433560159;15;33.3 cm;40 cm;33.3 cm;;40;22.78;;No;;;Interior-Exterior;"Cerámica; Pasta roja";No;;Durante el proceso de fabricación de las piezas de cerámica, el tono y/o el calibre pueden sufrir pequeñas variaciones. Es recomendable adquirir un 15 % más de material.;DOP_PT_8435433560159;Sí;;Brico Depôt;3 años;primera_calidad_ES;;;;;Piedra;;;1;;
https://www.bricodepot.es/pavimento-porcelanico-caryo-33x33-cm-5059340720982?queryID=892eb6180f386ed9f2bffd6c93b603b8&objectID=246124&indexName=pro_ES_products;Rústico;Caryo;5059340720982;15;33.3 cm;40 cm;33.3 cm;13 mm;40;23;;Sí;;;Interior-Exterior;pasta roja;No;9;Durante el proceso de fabricación de las piezas de pasta roja, el tono y/o el calibre pueden sufrir pequeñas variaciones. Es recomendable adquirir un 15 % más de material.;DoP_0447;Sí;;Brico Depôt;3 años;primera_calidad_ES;4;;;Semipulido;Piedra;;;1;6;
https://www.bricodepot.es/pavimento-camelio-marron-33-3x33-3-cm-5059340721033?queryID=6599aef29fe853198a2af3f14ca0d707&objectID=246507&indexName=pro_ES_products;Rústico;Camelio;5059340721033;15;33.3 cm;40 cm;33.3 cm;13 mm;40;22.78;;Sí;;;Exterior;"Cerámica; Pasta roja";No;9;Durante el proceso de fabricación de las piezas de cerámica, el tono y/o el calibre pueden sufrir pequeñas variaciones. Es recomendable adquirir un 15 % más de material.;DOP_ES_PT_5059340721033;Sí;;Brico Depôt;3 años;primera_calidad_ES;4;;;Mate;Rústico;;;1;6;
https://www.bricodepot.es/pavimento-porcelanico-harad-gris-45-x-45-cm-8435433538103?queryID=7f7123da9e8724c4539d45e0b7a607eb&objectID=133434&indexName=pro_ES_products;;;8435433538103;45;45 cm;45 cm;45 cm;;6;25.1;;Sí;;;Interior-Exterior;Porcelánico;No;;Durante el proceso de fabricación de las piezas de cerámica, el tono y/o el calibre pueden sufrir pequeñas variaciones. Es recomendable adquirir un 15 % más de material.;DOP_PT_8435433538103;Sí;;Brico Depôt;3 años;;;;;;Rústico;;;1.42;;
https://www.bricodepot.es/pavimento-camelio-beige-33-3x33-3-cm-5059340720975?queryID=06834ea067e03d5c829552789b1c5853&objectID=246505&indexName=pro_ES_products;Rústico;Camelio;5059340720975;15;33.3 cm;40 cm;33.3 cm;13.5 mm;40;22.78;;Sí;;;Exterior;"Cerámica; Pasta roja";No;9;Durante el proceso de fabricación de las piezas de cerámica, el tono y/o el calibre pueden sufrir pequeñas variaciones. Es recomendable adquirir un 15 % más de material.;DOP_ES_PT_5059340720975;Sí;;Brico Depôt;3 años;primera_calidad_ES;4;;;Mate;Rústico;;;1;6;
https://www.bricodepot.es/pavimento-cimenti-grey-natural-60x60cm-5063022645289?queryID=8df394d6e123770422664a1d5a0f1fff&objectID=495574&indexName=pro_ES_products;Cimenti grey;;5063022645289;2.85;;60 cm;60 cm;9.5 mm;60;22.2;;Sí;;Cementoso;Interior;;No;;;;Sí;;Brico Depôt;3 años;;3;;;;Cemento;;;1.08;3;
https://www.bricodepot.es/pavimento-porcelanico-natural-blanco-arena-30x60-cm-3663602678298?queryID=eacd2a178d80a93a108757e94f0045c8&objectID=133361&indexName=pro_ES_products;Natural;;3663602678298;7;30 cm;30.6 cm;60 cm;8 mm;60.4;24.75;;Sí;;;Interior;Porcelánico;No;8;Durante el proceso de fabricación de las piezas de cerámica, el tono y/o el calibre pueden sufrir pequeñas variaciones. Es recomendable adquirir un 15 % más de material.;DOP_3663602678298;Sí;;Brico Depôt;3 años;;4;;Colours;Satinado;Baldosa;;;1.44;5;Tráfico pesado
https://www.bricodepot.es/pavimento-porcelanico-cartago-miel-c1-233x120cm-emotion-8429178156050?queryID=ea3578b7a925dd0581f3be55991ac6c4&objectID=485922&indexName=pro_ES_products;Pavimento porcelanico;Cartago;8429178156050;4.35;120 cm;23.8 cm;23.3 cm;8.7 mm;120.5;25.8;Mate;Sí;;;Interior;Porcelánico;No;;;;No;;Brico Depôt;3 años;;3;;Emotion;Mate;Madera;;;;4;
https://www.bricodepot.es/pavimento-concorde-natural-mate-30x60cm-porcelanico-8435609378458?queryID=674c97abc75efa651be8d532cf9f5e41&objectID=492860&indexName=pro_ES_products;Concorde;;8435609378458;6.09;8.7 cm;60 cm;60 cm;;30;23;;No;;Madera;Interior;Porcelánico;No;;;;No;;Brico Depôt;3 años;;3;;;;Madera;;;;5;
https://www.bricodepot.es/pavimento-ceramico-forest-roble-19x57cm-8432712278026?queryID=e9ac26c7516e7c1ab03c4bbf891a0b31&objectID=414490&indexName=pro_ES_products;;;8432712278026;11.5;;19 cm;19 cm;0.85 cm;57;26.5;;No;;Madera;;;No;;;"DOP_ES_8432712278026
DOP_PT_8432712278026";Sí;;Brico Depôt;3 años;;3;;;;;;;1.41;;
https://www.bricodepot.es/pavimento-porcelanico-natural-antracita-30-x-60-cm-3663602678366?queryID=bf6ed584c9919497e950bb17a652d235&objectID=133363&indexName=pro_ES_products;Natural;;3663602678366;7;30 cm;30.6 cm;60 cm;8 mm;60.4;24.75;;Sí;;;;Porcelánico;No;8;Durante el proceso de fabricación de las piezas de cerámica, el tono y/o el calibre pueden sufrir pequeñas variaciones. Es recomendable adquirir un 15 % más de material.;DOP_3663602678366;Sí;;Brico Depôt;3 años;;2;;;Satinado;Baldosa;;;1.44;5;Tráfico moderado
https://www.bricodepot.es/pavimento-gris-claro-45x45cm-limo-5059340870663?queryID=1a4a89f152a2152158107f3efa5fee10&objectID=453111&indexName=pro_ES_products;Limo;;5059340870663;6.4;6.4 cm;45 cm;45 cm;;45;25;;No;;;Interior;Cerámica;No;;;;No;;Brico Depôt;3 años;;;;;Mate;Piedra;;;1.42;4;
https://www.bricodepot.es/pavimento-porcelanico-rectificado-colton-haya-120x30cm-8435609373682?queryID=d7b76999aaa310c8608c2bad76ef7a96&objectID=471449&indexName=pro_ES_products;Colton;;8435609373682;3.88;230 cm;120 cm;0.91 cm;9.1 mm;23;22.78;Esmaltado;Sí;;Madera;Interior;Porcelanico esmaltado;No;;;"DOP_PT_8435609373682.pdf
DOP_ES_8435609373682.pdf";Sí;;Brico Depôt;3 años;;PEI4;;;Semibrillante;Madera;;;;6;
https://www.bricodepot.es/pavimento-pasta-roja-c2-pantin-gris-60x60-cm-8429991798864?queryID=6ffcb191250f21b86dd568edc0ffcf9f&objectID=260080&indexName=pro_ES_products;Pantin;;8429991798864;4.5;60 cm;60.5 cm;60 cm;;60.5;22.7;Mate;Sí;;;Interior;porcelánico;Sí;;;;Sí;;Brico Depôt;3 años;;4;;;Mate;Desgastado;;;1.08;;Tráfico moderado
https://www.bricodepot.es/pavimento-porcelanico-c2-pantin-marengo-60x60-cm-8429991798901?queryID=e47c52d9110d882d6a8063fbfbefabca&objectID=260081&indexName=pro_ES_products;Pantin;;8429991798901;4.5;60 cm;60.5 cm;60 cm;;60.5;22.7;Mate;Sí;;;Interior;porcelánico;Sí;;;;Sí;;Brico Depôt;3 años;;3;;;Mate;Cemento;;;1.08;4;Tráfico moderado
https://www.bricodepot.es/pavimento-porcelanico-c2-pantin-mud-60x60-cm-8429991798888?queryID=54f219af5dae46c79691257e05cd454f&objectID=260067&indexName=pro_ES_products;Pantin;;8429991798888;4.5;60 cm;60.5 cm;60 cm;;60.5;22.7;Mate;Sí;;;Interior;porcelánico;Sí;;;;Sí;;Brico Depôt;3 años;;3;;;Mate;Desgastado;;;1.08;6;Tráfico moderado
https://www.bricodepot.es/pavimento-real-travertino-multiformato-3663602678465?queryID=3681292e26d8f563fba24c9afd7e225c&objectID=133364&indexName=pro_ES_products;Real travertino;;3663602678465;3.8;40.6 cm;40.56 cm;61 cm;12 mm;61;20.9;;No;;;Interior;Cerámica;No;6;Durante el proceso de fabricación de las piezas de cerámica, el tono y/o el calibre pueden sufrir pequeñas variaciones. Es recomendable adquirir un 15 % más de material.;DOP_3663602678465;No;;Brico Depôt;3 años;;;;Colours;Mate;Piedra;;;0.74;;
